{
  "timestamp": "2025-08-28 09:39:35",
  "optimization_version": "1.0",
  "slots_optimization": {
    "typed_memory_bytes": 4046676,
    "slots_memory_bytes": 2850916,
    "memory_savings_percent": 29.549190496100998,
    "memory_savings_bytes": 1195760
  },
  "rwlock_optimization": {
    "regular_lock_time": 0.8621555970003101,
    "rwlock_time": 1.6909138880000683,
    "improvement_percent": -96.12630178163305,
    "total_operations": 50200,
    "ops_per_second_regular": 58226.14870756554,
    "ops_per_second_optimized": 29688.08781822364
  },
  "batch_optimization": {
    "individual_operations_time": 0.007564251000076183,
    "batched_operations_time": 0.00774417499997071,
    "improvement_percent": -2.3786095925784947,
    "operations": 10000,
    "ops_per_second_individual": 1322007.9555661606,
    "ops_per_second_batched": 1291293.1332308247
  },
  "startup_optimization": {
    "original_init_time": 0.009605717999875196,
    "optimized_init_time": 0.00020050199964316562,
    "improvement_percent": 97.9126807632103,
    "prewarmed_shots": 10
  }
}